provider_id,provider_name,address,shopping_mall,account_owner_salesforce,account_manager_name,delivery_vertical,provider_status,lifecycle_status,orders_placed_24_30_aug,delivered_orders_24_30_aug,failed_orders_24_30_aug,rejected_by_provider_24_30_aug,cancelled_after_accept_24_30_aug,provider_name_databricks,address_databricks,in_original_sheet,completeness_note
65337,McDonald's Бандери,"Сокар, м. Київ, пр. Степана Бандери 36Б",Blockbuster Mall,Ganna Rudaia,,food,active,ready_for_work,127,98,29,0,10,McDonald's Бандери,"Сокар, м. Київ, пр. Степана Бандери 36Б",no,"Знайдено в Databricks за адресою/назвою ТРЦ, відсутній в исходній таблиці"
176806,Татарка кримська кухня Блокбастер,проспект Степана Бандери 34B 04073 Kyiv Ukraine,Blockbuster Mall,Nataliia Klymas,,food,active,ready_for_work,2,2,0,0,0,Татарка кримська кухня Блокбастер,проспект Степана Бандери 34B 04073 Kyiv Ukraine,no,"Знайдено в Databricks за адресою/назвою ТРЦ, відсутній в исходній таблиці"
12363,KFC Блокбастер,"м. Київ, вул. Бандери Степана, 36",Blockbuster Mall,Khrystyna Bukhnii,Khrystyna Bukhnii,food,active,ready_for_work,19,17,2,0,1,KFC Блокбастер,"м. Київ, вул. Бандери Степана, 36",yes,
26236,Lviv Croissants Blockbuster Mall,"Київ, пр-т Степана Бандери, 36 (ТРЦ “BLOCKBUSTER MALL”)",Blockbuster Mall,Khrystyna Bukhnii,Khrystyna Bukhnii,food,active,ready_for_work,0,0,0,0,0,Lviv Croissants Blockbuster Mall,"Київ, пр-т Степана Бандери, 36 (ТРЦ “BLOCKBUSTER MALL”)",yes,
177373,SALMON SUSHI пр-т Степана Бандери,проспект Степана Бандери 36 02000 Kyiv Ukraine,Blockbuster Mall,Nataliia Klymas,Nataliia Klymas,food,active,ready_for_work,8,7,1,0,1,SALMON SUSHI пр-т Степана Бандери,проспект Степана Бандери 36 02000 Kyiv Ukraine,yes,
199755,SaMi пр-т Степана Бандери,проспект Степана Бандери 36 04073 Kyiv Ukraine,Blockbuster Mall,Stefaniia Oznobishyna,Stefaniia Oznobishyna,food,active,ready_for_work,0,0,0,0,0,SaMi пр-т Степана Бандери,проспект Степана Бандери 36 04073 Kyiv Ukraine,yes,
199729,Кафе Тьотя Рая пр-т Степана Бандери,проспект Степана Бандери 36 04073 Kyiv Ukraine,Blockbuster Mall,Stefaniia Oznobishyna,Stefaniia Oznobishyna,food,active,ready_for_work,0,0,0,0,0,Кафе Тьотя Рая пр-т Степана Бандери,проспект Степана Бандери 36 04073 Kyiv Ukraine,yes,
201451,Міністерство шаурми,проспект Степана Бандери 36 04073 Kyiv Ukraine,Blockbuster Mall,Nataliia Klymas,Nataliia Klymas,food,active,ready_for_work,7,4,3,1,3,Міністерство шаурми,проспект Степана Бандери 36 04073 Kyiv Ukraine,yes,
177362,Фунчоза пр-т Степана Бандери,проспект Степана Бандери 36 02000 Kyiv Ukraine,Blockbuster Mall,Nataliia Klymas,Nataliia Klymas,food,active,ready_for_work,14,13,1,0,1,Фунчоза пр-т Степана Бандери,проспект Степана Бандери 36 02000 Kyiv Ukraine,yes,
892629,HAO CHI Вадима Гетьмана,вулиця Вадима Гетьмана 6а 03057 Kyiv Ukraine,Cosmo Multimall,Taras Bulavynets,,food,active,ready_for_work,13,12,1,0,0,HAO CHI Вадима Гетьмана,вулиця Вадима Гетьмана 6а 03057 Kyiv Ukraine,no,"Знайдено в Databricks за адресою/назвою ТРЦ, відсутній в исходній таблиці"
117706,115 Kitchen&Bar вул. Вадима Гетьмана,"Київ, вул.Вадима Гетьмана, 6",Cosmo Multimall,Marta Vaskina,Marta Vaskina,food,active,ready_for_work,9,8,1,0,0,115 Kitchen&Bar вул. Вадима Гетьмана,"Київ, вул.Вадима Гетьмана, 6",yes,
113546,PIZZA TODAY вул. Вадима Гетьмана,"Київ, вул. Вадима Гетьмана, 6",Cosmo Multimall,Marta Vaskina,Marta Vaskina,food,active,ready_for_work,13,10,3,0,0,PIZZA TODAY вул. Вадима Гетьмана,"Київ, вул. Вадима Гетьмана, 6",yes,
104134,Pani Mozzarella вул. Вадима Гетьмана,"Київ, вул. Вадима Гетьмана, 6",Cosmo Multimall,Marta Vaskina,Marta Vaskina,food,active,ready_for_work,9,8,1,0,0,Pani Mozzarella вул. Вадима Гетьмана,"Київ, вул. Вадима Гетьмана, 6",yes,
113543,SUSHI TODAY вул. Вадима Гетьмана,"Київ, вул. Вадима Гетьмана, 6",Cosmo Multimall,Marta Vaskina,Marta Vaskina,food,active,ready_for_work,5,4,1,0,0,SUSHI TODAY вул. Вадима Гетьмана,"Київ, вул. Вадима Гетьмана, 6",yes,
183516,Sushi Vibe вул. Вадима Гетьмана,вулиця Вадима Гетьмана 6 03057 Kyiv Ukraine,Cosmo Multimall,Marta Vaskina,Marta Vaskina,food,active,ready_for_work,1,1,0,0,0,Sushi Vibe вул. Вадима Гетьмана,вулиця Вадима Гетьмана 6 03057 Kyiv Ukraine,yes,
170602,ULTRACAFE Вадима Гетьмана,"03057, м. Київ, Солом’янський р-н, вул. Вадима Гетьмана, буд. 6 (літери Б,Б’)",Cosmo Multimall,Valentin Mudriac,Valentin Mudriac,food,active,ready_for_work,16,16,0,0,0,ULTRACAFE Вадима Гетьмана,"03057, м. Київ, Солом’янський р-н, вул. Вадима Гетьмана, буд. 6 (літери Б,Б’)",yes,
108269,Мамина котлетка вул. Вадима Гетьмана,"Київ, вул.Вадима Гетьмана, 6",Cosmo Multimall,Marta Vaskina,Marta Vaskina,food,active,ready_for_work,6,6,0,0,0,Мамина котлетка вул. Вадима Гетьмана,"Київ, вул.Вадима Гетьмана, 6",yes,
57054,Gremio Grill просп. Оболонський,"Київ, проспект Оболонський 1Б",DREAM yellow,Marta Vaskina,Marta Vaskina,food,active,ready_for_work,12,12,0,0,0,Gremio Grill просп. Оболонський,"Київ, проспект Оболонський 1Б",yes,
65355,McDonald's Dream,"м. Київ, просп. Оболонський, 1-б",DREAM yellow,Ganna Rudaia,Ganna Rudaia,food,active,ready_for_work,195,171,24,0,5,McDonald's Dream,"м. Київ, просп. Оболонський, 1-б",yes,
9778,Cinnabon ТРЦ “Глобус”,"Майдан Незалежності, 1, ТРЦ “Глобус”",GLOBUS,Marta Vaskina,Marta Vaskina,food,active,ready_for_work,12,8,4,0,2,Cinnabon ТРЦ “Глобус”,"Майдан Незалежності, 1, ТРЦ “Глобус”",yes,
177069,Greek House ТЦ GLOBUS,Майдан Незалежності 1 02000 Kyiv Ukraine,GLOBUS,Nataliia Klymas,Nataliia Klymas,food,active,ready_for_work,58,55,3,0,2,Greek House ТЦ GLOBUS,Майдан Незалежності 1 02000 Kyiv Ukraine,yes,
10177,Lviv Croissants Майдан,Майдан Незалежності 1,GLOBUS,Khrystyna Bukhnii,Khrystyna Bukhnii,food,active,ready_for_work,6,4,2,0,0,Lviv Croissants Майдан,Майдан Незалежності 1,yes,
64748,McDonald's Майдан,"Майдан Незалежності, м. Київ, вул. Софійська, 1/2, 01001",GLOBUS,Ganna Rudaia,Ganna Rudaia,food,active,ready_for_work,75,69,6,0,0,McDonald's Майдан,"Майдан Незалежності, м. Київ, вул. Софійська, 1/2, 01001",yes,
32490,"Pizza Day 122 Майдан Незалежності, 1","Київ, Майдан Незалежності, 1",GLOBUS,Khrystyna Bukhnii,Khrystyna Bukhnii,food,active,ready_for_work,6,3,3,0,1,"Pizza Day 122 Майдан Незалежності, 1","Київ, Майдан Незалежності, 1",yes,
173051,Salateira Майдан Незалежності,Майдан Незалежності 1 02000 Kyiv Ukraine,GLOBUS,Nataliia Klymas,Nataliia Klymas,food,active,ready_for_work,9,8,1,1,1,Salateira Майдан Незалежності,Майдан Незалежності 1 02000 Kyiv Ukraine,yes,
19132,М’ята смузі-фреш бар,"М.Київ,Шевченківський райнон, Майдан незалежності,Тц Globus-1",GLOBUS,Stefaniia Oznobishyna,Stefaniia Oznobishyna,food,active,ready_for_work,3,3,0,0,0,М’ята смузі-фреш бар,"М.Київ,Шевченківський райнон, Майдан незалежності,Тц Globus-1",yes,
12364,KFC Городок,"м.Київ, проспект Степана Бандери, 23",GORODOK Gallery,Khrystyna Bukhnii,Khrystyna Bukhnii,food,active,ready_for_work,106,100,6,0,4,KFC Городок,"м.Київ, проспект Степана Бандери, 23",yes,
86992,Pasta&Pizza Бандери,"Київ, пр-т Степана Бандери, 23",GORODOK Gallery,Nataliia Klymas,Nataliia Klymas,food,active,ready_for_work,1,1,0,0,0,Pasta&Pizza Бандери,"Київ, пр-т Степана Бандери, 23",yes,
80471,"Pesto Cafe Бандери, 23","Київ, пр-т Степана Бандери, 23",GORODOK Gallery,Nataliia Klymas,Nataliia Klymas,food,active,ready_for_work,0,0,0,0,0,"Pesto Cafe Бандери, 23","Київ, пр-т Степана Бандери, 23",yes,
175884,"""Lokshiro""/""Локширо"" ТРЦ Гулівер",Спортивна площа 1А 01061 Kyiv Ukraine,Gulliver,Stefaniia Oznobishyna,Stefaniia Oznobishyna,food,active,ready_for_work,4,4,0,0,0,"""Lokshiro""/""Локширо"" ТРЦ Гулівер",Спортивна площа 1А 01061 Kyiv Ukraine,yes,
175893,"""Solo shawarma""/ ""Соло шаурма"" ТРЦ Гулівер",Спортивна площа 1А 01061 Kyiv Ukraine,Gulliver,Stefaniia Oznobishyna,Stefaniia Oznobishyna,food,active,ready_for_work,8,8,0,0,0,"""Solo shawarma""/ ""Соло шаурма"" ТРЦ Гулівер",Спортивна площа 1А 01061 Kyiv Ukraine,yes,
79396,Avocado Organic Food Спортивна,"Київ, пл. Спортивна, 1А",Gulliver,Valentin Mudriac,Valentin Mudriac,food,active,ready_for_work,6,2,4,1,4,Avocado Organic Food Спортивна,"Київ, пл. Спортивна, 1А",yes,
9779,Cinnabon Гулівер,"Спортивна площа, 1А, ТРЦ “Гулівер”",Gulliver,Marta Vaskina,Marta Vaskina,food,active,ready_for_work,43,41,2,1,2,Cinnabon Гулівер,"Спортивна площа, 1А, ТРЦ “Гулівер”",yes,
73950,Mercato Italiano,"Київ, Спортивна площа, 1а",Gulliver,Stefaniia Oznobishyna,Stefaniia Oznobishyna,food,active,ready_for_work,12,10,2,0,0,Mercato Italiano,"Київ, Спортивна площа, 1а",yes,
173058,Salateira Спортивна Площа,Спортивна площа 1 02000 Kyiv Ukraine,Gulliver,Nataliia Klymas,Nataliia Klymas,food,active,ready_for_work,5,4,1,0,0,Salateira Спортивна Площа,Спортивна площа 1 02000 Kyiv Ukraine,yes,
91223,"Фудхол ""Сільпо Resto"" Gulliver","01023 м. Київ, Спортивна площа, 1А",Gulliver,Marta Vaskina,Marta Vaskina,food,active,ready_for_work,5,3,2,0,1,"Фудхол ""Сільпо Resto"" Gulliver","01023 м. Київ, Спортивна площа, 1А",yes,
200147,Щось Українське-ТРЦ Gulliver,Спортивна площа 1А 01061 Kyiv Ukraine,Gulliver,Stefaniia Oznobishyna,Stefaniia Oznobishyna,food,active,ready_for_work,10,9,1,0,1,Щось Українське-ТРЦ Gulliver,Спортивна площа 1А 01061 Kyiv Ukraine,yes,
68041,Юджин Бургер Спортивна,"м. Київ, Спортивна площа, 1а",Gulliver,Nataliia Klymas,Nataliia Klymas,food,active,ready_for_work,7,7,0,0,0,Юджин Бургер Спортивна,"м. Київ, Спортивна площа, 1а",yes,
190195,GOTOVO! Lavina Mall,вулиця Берковецька 6 04128 Kyiv Ukraine,Lavina Mall,Stefaniia Oznobishyna,Stefaniia Oznobishyna,food,active,ready_for_work,3,1,2,1,2,GOTOVO! Lavina Mall,вулиця Берковецька 6 04128 Kyiv Ukraine,yes,
177107,Greek House ТРЦ Lavina Mall,вулиця Берковецька 6 04128 Kyiv Ukraine,Lavina Mall,Nataliia Klymas,Nataliia Klymas,food,active,ready_for_work,45,43,2,0,0,Greek House ТРЦ Lavina Mall,вулиця Берковецька 6 04128 Kyiv Ukraine,yes,
33596,Gremio Grill Lavina Mall,"Київ, вулиця Берковецька, 6Д",Lavina Mall,Marta Vaskina,Marta Vaskina,food,active,ready_for_work,6,4,2,0,1,Gremio Grill Lavina Mall,"Київ, вулиця Берковецька, 6Д",yes,
20126,KFC Лавина,"м. Київ, вулиця Берковецька, 6Д (ТРЦ Lavina Mall)",Lavina Mall,Khrystyna Bukhnii,Khrystyna Bukhnii,food,active,ready_for_work,78,72,6,0,4,KFC Лавина,"м. Київ, вулиця Берковецька, 6Д (ТРЦ Lavina Mall)",yes,
46862,Lviv Croissants Lavina Mall,"Київ, вул. Берковецька, 6д",Lavina Mall,Khrystyna Bukhnii,Khrystyna Bukhnii,food,active,ready_for_work,10,10,0,0,0,Lviv Croissants Lavina Mall,"Київ, вул. Берковецька, 6д",yes,
107973,"Meat-Bar ""М'ясторія"" Lavina Mall","Берковецька 6Д, Київ, Україна,         04128",Lavina Mall,Marta Vaskina,Marta Vaskina,food,active,ready_for_work,0,0,0,0,0,"Meat-Bar ""М'ясторія"" Lavina Mall","Берковецька 6Д, Київ, Україна,         04128",yes,
138650,MeiWei Lavina Mall,"м.Київ, вул.Берковецька, б.6Д 02000 Kyiv Ukraine",Lavina Mall,Marta Vaskina,Marta Vaskina,food,active,ready_for_work,18,12,6,0,4,MeiWei Lavina Mall,"м.Київ, вул.Берковецька, б.6Д 02000 Kyiv Ukraine",yes,
80475,Pesto Cafe Берковецька,"Київ, вул. Берковецька, 6Д",Lavina Mall,Nataliia Klymas,Nataliia Klymas,food,active,ready_for_work,17,11,6,0,5,Pesto Cafe Берковецька,"Київ, вул. Берковецька, 6Д",yes,
190174,Pinza від М’ясторія Lavina Mall,вулиця Берковецька 6 04128 Kyiv Ukraine,Lavina Mall,Marta Vaskina,Marta Vaskina,food,active,ready_for_work,2,1,1,0,1,Pinza від М’ясторія Lavina Mall,вулиця Берковецька 6 04128 Kyiv Ukraine,yes,
202773,STOP PIZZA вул. Берковецька,вулиця Берковецька 6 04128 Kyiv Ukraine,Lavina Mall,Stefaniia Oznobishyna,Stefaniia Oznobishyna,food,active,ready_for_work,6,3,3,0,3,STOP PIZZA вул. Берковецька,вулиця Берковецька 6 04128 Kyiv Ukraine,yes,
199758,SaMi ТРЦ ЛАВІНА,вулиця Берковецька 6 04128 Kyiv Ukraine,Lavina Mall,Stefaniia Oznobishyna,Stefaniia Oznobishyna,food,active,ready_for_work,0,0,0,0,0,SaMi ТРЦ ЛАВІНА,вулиця Берковецька 6 04128 Kyiv Ukraine,yes,
166432,Sushi Nice Lavina,вулиця Берковецька 6 04128 Kyiv Ukraine,Lavina Mall,Valentin Mudriac,Valentin Mudriac,food,active,ready_for_work,3,3,0,0,0,Sushi Nice Lavina,вулиця Берковецька 6 04128 Kyiv Ukraine,yes,
199727,Кафе Тьотя Рая ТРЦ ЛАВІНА,вулиця Берковецька 6 04128 Kyiv Ukraine,Lavina Mall,Stefaniia Oznobishyna,Stefaniia Oznobishyna,food,active,ready_for_work,0,0,0,0,0,Кафе Тьотя Рая ТРЦ ЛАВІНА,вулиця Берковецька 6 04128 Kyiv Ukraine,yes,
174257,Татарка Чебуреки по Кримськи ТРЦ Лавіна,вулиця Берковецька 6 04128 Kyiv Ukraine,Lavina Mall,Nataliia Klymas,Nataliia Klymas,food,active,ready_for_work,0,0,0,0,0,Татарка Чебуреки по Кримськи ТРЦ Лавіна,вулиця Берковецька 6 04128 Kyiv Ukraine,yes,
91229,"Фудхол ""Сільпо Resto"" Lavina Mall","Київ, вул. Берковецька, 6Д",Lavina Mall,Marta Vaskina,Marta Vaskina,food,active,ready_for_work,0,0,0,0,0,"Фудхол ""Сільпо Resto"" Lavina Mall","Київ, вул. Берковецька, 6Д",yes,
146374,ЧАЧАСАЛА,вулиця Берковецька 6Д 04128 Kyiv Ukraine,Lavina Mall,Valentin Mudriac,Valentin Mudriac,food,active,ready_for_work,7,4,3,1,3,ЧАЧАСАЛА,вулиця Берковецька 6Д 04128 Kyiv Ukraine,yes,
200143,Щось Українське-ТРЦ Lavina,вулиця Берковецька 6 04128 Kyiv Ukraine,Lavina Mall,Stefaniia Oznobishyna,Stefaniia Oznobishyna,food,active,ready_for_work,10,7,3,0,2,Щось Українське-ТРЦ Lavina,вулиця Берковецька 6 04128 Kyiv Ukraine,yes,
65245,McDonald's New Way,"New Way, м. Київ, вул. Архітектора Вербицького, 1, 02000",New Way,Ganna Rudaia,Ganna Rudaia,food,active,ready_for_work,322,228,94,0,61,McDonald's New Way,"New Way, м. Київ, вул. Архітектора Вербицького, 1, 02000",yes,
52552,Sushi San Вербицького,"Київ, Вербицького 1",New Way,Stefaniia Oznobishyna,Stefaniia Oznobishyna,food,active,ready_for_work,2,0,2,1,2,Sushi San Вербицького,"Київ, Вербицького 1",yes,
69486,BEST WOK,"м.Київ, вул. Антоновича 176",Ocean Plaza,Stefaniia Oznobishyna,Stefaniia Oznobishyna,food,active,ready_for_work,5,5,0,0,0,BEST WOK,"м.Київ, вул. Антоновича 176",yes,
9777,Cinnabon ТРЦ “Ocean Plaza”,"вул. Антоновича, 176, ТРЦ “Ocean Plaza”",Ocean Plaza,Marta Vaskina,Marta Vaskina,food,active,ready_for_work,32,29,3,1,1,Cinnabon ТРЦ “Ocean Plaza”,"вул. Антоновича, 176, ТРЦ “Ocean Plaza”",yes,
74604,KFC Оушен Плаза,"Київ, вул. Антоновича, 176",Ocean Plaza,Khrystyna Bukhnii,Khrystyna Bukhnii,food,active,ready_for_work,214,202,12,0,5,KFC Оушен Плаза,"Київ, вул. Антоновича, 176",yes,
65604,McDonald's Антоновича,"м. Київ, вул. Антоновича 176 (1 поверх), 03680",Ocean Plaza,Ganna Rudaia,Ganna Rudaia,food,active,ready_for_work,600,494,106,0,7,McDonald's Антоновича,"м. Київ, вул. Антоновича 176 (1 поверх), 03680",yes,
189214,McDonald's Океан Фудкорт,вулиця Антоновича 176 03150 Kyiv Ukraine,Ocean Plaza,Ganna Rudaia,Ganna Rudaia,food,active,ready_for_work,379,289,90,0,24,McDonald's Океан Фудкорт,вулиця Антоновича 176 03150 Kyiv Ukraine,yes,
173043,Salateira вулиця Антоновича,вулиця Антоновича 176 03150 Kyiv Ukraine,Ocean Plaza,Nataliia Klymas,Nataliia Klymas,food,active,ready_for_work,32,32,0,0,0,Salateira вулиця Антоновича,вулиця Антоновича 176 03150 Kyiv Ukraine,yes,
952733,Bowl&Rice Мішуги,вулиця Олександра Мишуги 4 02141 Kyiv Ukraine,Piramida,Ganna Rudaia,Ganna Rudaia,food,active,ready_for_work,2,1,1,0,0,Bowl&Rice Мішуги,вулиця Олександра Мишуги 4 02141 Kyiv Ukraine,yes,
202988,Chin Chin  вул.Олександра Мішуги,вулиця Олександра Мишуги 4 02141 Kyiv Ukraine,Piramida,Marta Vaskina,Marta Vaskina,food,active,ready_for_work,28,26,2,0,0,Chin Chin  вул.Олександра Мішуги,вулиця Олександра Мишуги 4 02141 Kyiv Ukraine,yes,
154230,EatSushi Мішуги,вулиця Олександра Мишуги 4 02000 Kyiv Ukraine,Piramida,Ganna Rudaia,Ganna Rudaia,food,active,ready_for_work,0,0,0,0,0,EatSushi Мішуги,вулиця Олександра Мишуги 4 02000 Kyiv Ukraine,yes,
177071,Greek House ТРЦ Piramida,вулиця Олександра Мишуги 4 02141 Kyiv Ukraine,Piramida,Nataliia Klymas,Nataliia Klymas,food,active,ready_for_work,86,83,3,0,0,Greek House ТРЦ Piramida,вулиця Олександра Мишуги 4 02141 Kyiv Ukraine,yes,
108870,Gremio Grill вул. Олександра Мишуги,"м. Київ, Дарницький район, вул. Мишуги Олександра ,буд. 4, приміщення RB57-1",Piramida,Marta Vaskina,Marta Vaskina,food,active,ready_for_work,14,13,1,0,0,Gremio Grill вул. Олександра Мишуги,"м. Київ, Дарницький район, вул. Мишуги Олександра ,буд. 4, приміщення RB57-1",yes,
1102513,NEWGREEN Мішуги,вулиця Олександра Мишуги 4 02141 Kyiv Ukraine,Piramida,Ganna Rudaia,Ganna Rudaia,food,active,ready_for_work,3,1,2,0,2,NEWGREEN Мішуги,вулиця Олександра Мишуги 4 02141 Kyiv Ukraine,yes,
161297,MeiWei Respublika,"м.Київ, Кільцева дорога 1б",Respublika Park,Marta Vaskina,,food,active,ready_for_work,10,8,2,0,1,MeiWei Respublika,"м.Київ, Кільцева дорога 1б",no,"Знайдено в Databricks за адресою/назвою ТРЦ, відсутній в исходній таблиці"
55711,1708 Pizza di Napoli Кільцева дорога,"Київ, Кільцева дорога, 1",Respublika Park,Sviatoslav Yurchuk,Sviatoslav Yurchuk,food,active,ready_for_work,7,7,0,0,0,1708 Pizza di Napoli Кільцева дорога,"Київ, Кільцева дорога, 1",yes,
202974,Chin Chin ТРЦ Республіка,Кільцева дорога 1 03134 Kyiv Ukraine,Respublika Park,Marta Vaskina,Marta Vaskina,food,active,ready_for_work,33,31,2,0,1,Chin Chin ТРЦ Республіка,Кільцева дорога 1 03134 Kyiv Ukraine,yes,
47134,Cinnabon Respublika Park,"Київ, Кільцева дорога, 1",Respublika Park,Marta Vaskina,Marta Vaskina,food,active,ready_for_work,19,17,2,1,2,Cinnabon Respublika Park,"Київ, Кільцева дорога, 1",yes,
159445,"DOMINO’S PIZZA вул. Кільцева дорога, 1",Кільцева дорога 1 02000 Kyiv Ukraine,Respublika Park,Khrystyna Bukhnii,Khrystyna Bukhnii,food,active,ready_for_work,7,6,1,0,1,"DOMINO’S PIZZA вул. Кільцева дорога, 1",Кільцева дорога 1 02000 Kyiv Ukraine,yes,
177056,Greek House ТРЦ Respublika  Park,Кільцева дорога 1 02000 Kyiv Ukraine,Respublika Park,Nataliia Klymas,Nataliia Klymas,food,active,ready_for_work,68,57,11,0,3,Greek House ТРЦ Respublika  Park,Кільцева дорога 1 02000 Kyiv Ukraine,yes,
33601,Gremio Grill Республіка,"Київ, Кільцева дорога, 1",Respublika Park,Marta Vaskina,Marta Vaskina,food,active,ready_for_work,19,17,2,0,0,Gremio Grill Республіка,"Київ, Кільцева дорога, 1",yes,
100351,KFC Республіка,"Київ, Кільцева дорога, 1",Respublika Park,Khrystyna Bukhnii,Khrystyna Bukhnii,food,active,ready_for_work,11,10,1,0,0,KFC Республіка,"Київ, Кільцева дорога, 1",yes,
203149,Let's Smash ТРЦ Республіка,Кільцева дорога 1 03134 Kyiv Ukraine,Respublika Park,Marta Vaskina,Marta Vaskina,food,active,ready_for_work,17,17,0,0,0,Let's Smash ТРЦ Республіка,Кільцева дорога 1 03134 Kyiv Ukraine,yes,
32480,Lviv Croissants Республіка,"Київ, Кільцева дорога, 1",Respublika Park,Khrystyna Bukhnii,Khrystyna Bukhnii,food,active,ready_for_work,10,9,1,1,1,Lviv Croissants Республіка,"Київ, Кільцева дорога, 1",yes,
862492,MANGA Sushi,Кільцева дорога 1 02000 Kyiv Ukraine,Respublika Park,Taras Bulavynets,Taras Bulavynets,food,active,ready_for_work,0,0,0,0,0,MANGA Sushi,Кільцева дорога 1 02000 Kyiv Ukraine,yes,
65354,McDonald's Республіка,"м. Київ, вул. Кільцева дорога, 1",Respublika Park,Ganna Rudaia,Ganna Rudaia,food,active,ready_for_work,698,576,122,0,23,McDonald's Республіка,"м. Київ, вул. Кільцева дорога, 1",yes,
107152,PLOV HALAL,"Кільцева дорога 1, ТРЦ Respublika Park, 02000 Київ",Respublika Park,Stefaniia Oznobishyna,Stefaniia Oznobishyna,food,active,ready_for_work,14,13,1,0,1,PLOV HALAL,"Кільцева дорога 1, ТРЦ Respublika Park, 02000 Київ",yes,
113554,Pesto Cafe Respublika,"Київ, Кільцева дорога 1",Respublika Park,Nataliia Klymas,Nataliia Klymas,food,active,ready_for_work,2,2,0,0,0,Pesto Cafe Respublika,"Київ, Кільцева дорога 1",yes,
60616,Philadelphia Roll & Bowl ТРЦ Республіка,"Київ, Кільцева дорога 1",Respublika Park,Nataliia Klymas,Nataliia Klymas,food,active,ready_for_work,2,2,0,0,0,Philadelphia Roll & Bowl ТРЦ Республіка,"Київ, Кільцева дорога 1",yes,
200309,SaMi Кільцева дорога,"Кільцева дорога, 1, Київ, 02000",Respublika Park,Stefaniia Oznobishyna,Stefaniia Oznobishyna,food,active,ready_for_work,2,2,0,0,0,SaMi Кільцева дорога,"Кільцева дорога, 1, Київ, 02000",yes,
173047,Salateira Кільцева Дорога,Кільцева дорога 1 02000 Kyiv Ukraine,Respublika Park,Nataliia Klymas,Nataliia Klymas,food,active,ready_for_work,16,13,3,1,1,Salateira Кільцева Дорога,Кільцева дорога 1 02000 Kyiv Ukraine,yes,
77989,Євразія ТРЦ Республіка,"Київ, Кільцева дорога, 1",Respublika Park,Nataliia Klymas,Nataliia Klymas,food,active,ready_for_work,28,23,5,0,5,Євразія ТРЦ Республіка,"Київ, Кільцева дорога, 1",yes,
177613,Галушка Полтава,"Київ, Кільцева дорога, 1",Respublika Park,Valentin Mudriac,Valentin Mudriac,food,active,ready_for_work,17,16,1,0,1,Галушка Полтава,"Київ, Кільцева дорога, 1",yes,
200311,"Кафе ""Тьотя Рая"" Кільцева дорога",Кільцева дорога 1 03134 Kyiv Ukraine,Respublika Park,Stefaniia Oznobishyna,Stefaniia Oznobishyna,food,active,ready_for_work,2,1,1,0,0,"Кафе ""Тьотя Рая"" Кільцева дорога",Кільцева дорога 1 03134 Kyiv Ukraine,yes,
98392,М’ясо & Lavasch ТРЦ Respublika Park,"м. Київ, Кільцева дорога, 1",Respublika Park,Stefaniia Oznobishyna,Stefaniia Oznobishyna,food,active,ready_for_work,0,0,0,0,0,М’ясо & Lavasch ТРЦ Respublika Park,"м. Київ, Кільцева дорога, 1",yes,
472492,Такахулі,Кільцева дорога 1 02000 Kyiv Ukraine,Respublika Park,Taras Bulavynets,Taras Bulavynets,food,active,ready_for_work,0,0,0,0,0,Такахулі,Кільцева дорога 1 02000 Kyiv Ukraine,yes,
108866,"Хінкальня ""Miminoshi"" ТРЦ Respublika","Київ, Кільцева дорога, 1",Respublika Park,Marta Vaskina,Marta Vaskina,food,active,ready_for_work,13,12,1,1,1,"Хінкальня ""Miminoshi"" ТРЦ Respublika","Київ, Кільцева дорога, 1",yes,
203223,Чорноморка в Республіці,Кільцева дорога 1 02000 Kyiv Ukraine,Respublika Park,Nataliia Klymas,Nataliia Klymas,food,active,ready_for_work,5,5,0,0,0,Чорноморка в Республіці,Кільцева дорога 1 02000 Kyiv Ukraine,yes,
22899,1708 Pizza di Napoli Ретровіль,"Київ, пр-т Правди, 47 (ТРЦ Ретровіль)",Retroville,Sviatoslav Yurchuk,Sviatoslav Yurchuk,food,active,ready_for_work,0,0,0,0,0,1708 Pizza di Napoli Ретровіль,"Київ, пр-т Правди, 47 (ТРЦ Ретровіль)",yes,
30670,Cinnabon Retroville,"Київ, пр-т Правди, 47 ТРЦ Retroville",Retroville,Marta Vaskina,Marta Vaskina,food,active,ready_for_work,22,20,2,1,1,Cinnabon Retroville,"Київ, пр-т Правди, 47 ТРЦ Retroville",yes,
177074,Greek House ТРЦ Retroville,проспект Європейського Союзу 47 04208 Kyiv Ukraine,Retroville,Nataliia Klymas,Nataliia Klymas,food,active,ready_for_work,71,71,0,0,0,Greek House ТРЦ Retroville,проспект Європейського Союзу 47 04208 Kyiv Ukraine,yes,
33595,Gremio Grill Ретровіль,"Київ, проспект Правди, 47",Retroville,Marta Vaskina,Marta Vaskina,food,active,ready_for_work,27,24,3,0,0,Gremio Grill Ретровіль,"Київ, проспект Правди, 47",yes,
15958,KFC Ретровіль,"м. Київ, проспект Правди, 47",Retroville,Khrystyna Bukhnii,Khrystyna Bukhnii,food,active,ready_for_work,134,109,25,0,15,KFC Ретровіль,"м. Київ, проспект Правди, 47",yes,
19800,Lviv Croissants Retroville,"Київ, проспект Правди, 47 (ТРЦ Ретровіль)",Retroville,Khrystyna Bukhnii,Khrystyna Bukhnii,food,active,ready_for_work,25,25,0,0,0,Lviv Croissants Retroville,"Київ, проспект Правди, 47 (ТРЦ Ретровіль)",yes,
65231,McDonald's Retroville,"Ретровіль, проспект Європейського Союзу, 47",Retroville,Ganna Rudaia,Ganna Rudaia,food,active,ready_for_work,400,341,59,0,18,McDonald's Retroville,"Ретровіль, проспект Європейського Союзу, 47",yes,
80465,Pesto Cafe Правди,"Київ, пр-т Правди, 47",Retroville,Nataliia Klymas,Nataliia Klymas,food,active,ready_for_work,9,6,3,0,1,Pesto Cafe Правди,"Київ, пр-т Правди, 47",yes,
173035,Salateira Проспект Правди,проспект Європейського Союзу 47 02000 Kyiv Ukraine,Retroville,Nataliia Klymas,Nataliia Klymas,food,active,ready_for_work,19,19,0,0,0,Salateira Проспект Правди,проспект Європейського Союзу 47 02000 Kyiv Ukraine,yes,
77129,Shashlikyan Ретровіль,"Київ, пр-т Правди, 47",Retroville,Marta Vaskina,Marta Vaskina,food,active,ready_for_work,30,25,5,0,2,Shashlikyan Ретровіль,"Київ, пр-т Правди, 47",yes,
151228,Sushi Nice Retroville,проспект Європейського Союзу 47 02000 Kyiv Ukraine,Retroville,Stefaniia Oznobishyna,Stefaniia Oznobishyna,food,active,ready_for_work,4,3,1,0,1,Sushi Nice Retroville,проспект Європейського Союзу 47 02000 Kyiv Ukraine,yes,
87605,Tasty Greens Правди,"Київ, пр-т Правди, 47",Retroville,Sviatoslav Yurchuk,Sviatoslav Yurchuk,food,active,ready_for_work,0,0,0,0,0,Tasty Greens Правди,"Київ, пр-т Правди, 47",yes,
15600,Євразія Retroville,"м. Київ, проспект Правди, 47",Retroville,Nataliia Klymas,Nataliia Klymas,food,active,ready_for_work,51,45,6,0,1,Євразія Retroville,"м. Київ, проспект Правди, 47",yes,
162182,Файні Льоди Retroville,проспект Європейського Союзу 47 02000 Kyiv Ukraine,Retroville,Stefaniia Oznobishyna,Stefaniia Oznobishyna,food,active,ready_for_work,0,0,0,0,0,Файні Льоди Retroville,проспект Європейського Союзу 47 02000 Kyiv Ukraine,yes,
65531,"Хінкальня ""Miminoshi"" проспект Правди","Київ, пр-т Правди, 47",Retroville,Marta Vaskina,Marta Vaskina,food,active,ready_for_work,30,28,2,0,0,"Хінкальня ""Miminoshi"" проспект Правди","Київ, пр-т Правди, 47",yes,
68044,Юджин Бургер Правди,"м. Київ, проспект Правди, 47",Retroville,Nataliia Klymas,Nataliia Klymas,food,active,ready_for_work,7,4,3,1,3,Юджин Бургер Правди,"м. Київ, проспект Правди, 47",yes,
28166,Burger Station,"Київ, Дніпровська набережна, 12",River Mall,Stefaniia Oznobishyna,Stefaniia Oznobishyna,food,active,ready_for_work,2,1,1,0,1,Burger Station,"Київ, Дніпровська набережна, 12",yes,
11942,Cinnabon River Mall,"Київ, Дніпровська набережна, 12, ТРЦ “River Mall”",River Mall,Marta Vaskina,Marta Vaskina,food,active,ready_for_work,29,24,5,0,2,Cinnabon River Mall,"Київ, Дніпровська набережна, 12, ТРЦ “River Mall”",yes,
13237,Meiwei RiverMall,"Київ, Дніпровська набережна, 12 (ТРЦ RiverMall)",River Mall,Marta Vaskina,Marta Vaskina,food,active,ready_for_work,11,6,5,0,4,Meiwei RiverMall,"Київ, Дніпровська набережна, 12 (ТРЦ RiverMall)",yes,
85779,PAPI,"Дніпровська набережна 12, 02000 Київ",River Mall,Stefaniia Oznobishyna,Stefaniia Oznobishyna,food,active,ready_for_work,8,6,2,1,2,PAPI,"Дніпровська набережна 12, 02000 Київ",yes,
173027,Salateira Дніпровська Набережна,Дніпровська набережна 12 02081 Kyiv Ukraine,River Mall,Nataliia Klymas,Nataliia Klymas,food,active,ready_for_work,21,21,0,0,0,Salateira Дніпровська Набережна,Дніпровська набережна 12 02081 Kyiv Ukraine,yes,
182047,Качині історії ТЦ «Рівер молл»,Дніпровська набережна 12 02000 Kyiv Ukraine,River Mall,Stefaniia Oznobishyna,Stefaniia Oznobishyna,food,active,ready_for_work,1,1,0,0,0,Качині історії ТЦ «Рівер молл»,Дніпровська набережна 12 02000 Kyiv Ukraine,yes,
162194,Файні Льоди River Mall,Дніпровська набережна 12 02081 Kyiv Ukraine,River Mall,Stefaniia Oznobishyna,Stefaniia Oznobishyna,food,active,ready_for_work,0,0,0,0,0,Файні Льоди River Mall,Дніпровська набережна 12 02081 Kyiv Ukraine,yes,
91228,"Фудхол ""Сільпо Resto"" River Mall","м. Київ, Дніпровська набережна, 12, ТРЦ ""River Mall""",River Mall,Marta Vaskina,Marta Vaskina,food,active,ready_for_work,2,2,0,0,0,"Фудхол ""Сільпо Resto"" River Mall","м. Київ, Дніпровська набережна, 12, ТРЦ ""River Mall""",yes,
15116,Cinnabon Sky Mall,"Київ, пр-т Генерала Ватутіна, 2Т, ТРЦ “SkyMall”",SkyMall,Marta Vaskina,Marta Vaskina,food,active,ready_for_work,18,15,3,0,1,Cinnabon Sky Mall,"Київ, пр-т Генерала Ватутіна, 2Т, ТРЦ “SkyMall”",yes,
177104,Greek House ТРЦ Sky Mall,проспект Романа Шухевича 2т 02000 Kyiv Ukraine,SkyMall,Nataliia Klymas,Nataliia Klymas,food,active,ready_for_work,20,19,1,0,1,Greek House ТРЦ Sky Mall,проспект Романа Шухевича 2т 02000 Kyiv Ukraine,yes,
173069,Salateira Проспект Романа Шухевича,проспект Романа Шухевича 2т 02000 Kyiv Ukraine,SkyMall,Nataliia Klymas,Nataliia Klymas,food,active,ready_for_work,15,10,5,1,5,Salateira Проспект Романа Шухевича,проспект Романа Шухевича 2т 02000 Kyiv Ukraine,yes,
77991,TIGER FOOD від кінотеатру  KINOPARK,"м. Київ, ТРЦ ""Skymall"", пр-т Романа Шухевича, 2Т",SkyMall,Valentin Mudriac,Valentin Mudriac,food,active,ready_for_work,4,2,2,0,1,TIGER FOOD від кінотеатру  KINOPARK,"м. Київ, ТРЦ ""Skymall"", пр-т Романа Шухевича, 2Т",yes,
86722,Акція Бургер Шухевича,"SkyMall, проспект Романа Шухевича, 2т, Київ, 02232",SkyMall,Nataliia Klymas,Nataliia Klymas,food,active,ready_for_work,2,2,0,0,0,Акція Бургер Шухевича,"SkyMall, проспект Романа Шухевича, 2т, Київ, 02232",yes,
68045,Юджин Бургер Шухевича,"Київ, проспект Романа Шухевича, 2т",SkyMall,Nataliia Klymas,Nataliia Klymas,food,active,ready_for_work,10,4,6,0,5,Юджин Бургер Шухевича,"Київ, проспект Романа Шухевича, 2т",yes,
150897,Vah shaurma,"Берестейський проспект 26, ТЦ SmartPlaza, 03055 Київ",Smart Plaza Polytech,Stefaniia Oznobishyna,,food,active,ready_for_work,7,6,1,0,1,Vah shaurma,"Берестейський проспект 26, ТЦ SmartPlaza, 03055 Київ",no,"Знайдено в Databricks за адресою/назвою ТРЦ, відсутній в исходній таблиці"
177094,Greek House ТРЦ Smart  Plaza,Берестейський проспект 24 03055 Kyiv Ukraine,Smart Plaza Polytech,Nataliia Klymas,Nataliia Klymas,food,active,ready_for_work,239,227,12,1,3,Greek House ТРЦ Smart  Plaza,Берестейський проспект 24 03055 Kyiv Ukraine,yes,
77875,Gremio Grill Берестейський пр-т,"Київ, пр-т Берестейський, 24",Smart Plaza Polytech,Marta Vaskina,Marta Vaskina,food,active,ready_for_work,31,26,5,0,4,Gremio Grill Берестейський пр-т,"Київ, пр-т Берестейський, 24",yes,
9391,KFC Smart Plaza,"м. Київ, проспект Перемоги, 24",Smart Plaza Polytech,Khrystyna Bukhnii,Khrystyna Bukhnii,food,active,ready_for_work,240,227,13,0,7,KFC Smart Plaza,"м. Київ, проспект Перемоги, 24",yes,
203169,Волконський п-кт Берестейський,Берестейський проспект 24 03055 Kyiv Ukraine,Smart Plaza Polytech,Stefaniia Oznobishyna,Stefaniia Oznobishyna,food,active,ready_for_work,1,1,0,0,0,Волконський п-кт Берестейський,Берестейський проспект 24 03055 Kyiv Ukraine,yes,
116390,Рис та Локшина,"Берестейський проспект 24, 02000 Київ",Smart Plaza Polytech,Stefaniia Oznobishyna,Stefaniia Oznobishyna,food,active,ready_for_work,18,17,1,0,0,Рис та Локшина,"Берестейський проспект 24, 02000 Київ",yes,
193290,"""Rudi Burgers"" ТРЦ ""Victoria Gardens""",вулиця Лугова 12 04074 Kyiv Ukraine,Victoria Gardens,Stefaniia Oznobishyna,Stefaniia Oznobishyna,food,active,ready_for_work,0,0,0,0,0,"""Rudi Burgers"" ТРЦ ""Victoria Gardens""",вулиця Лугова 12 04074 Kyiv Ukraine,yes,
40663,DÖNER МАРКЕТ Лугова,"Київ, вул. Лугова, 12",Victoria Gardens,Marta Vaskina,Marta Vaskina,food,active,ready_for_work,12,10,2,0,0,DÖNER МАРКЕТ Лугова,"Київ, вул. Лугова, 12",yes,
118223,Бьорді by Doner Маркет вул. Лугова,"м. Київ, вул. Лугова, 12",Victoria Gardens,Marta Vaskina,Marta Vaskina,food,active,ready_for_work,2,2,0,0,0,Бьорді by Doner Маркет вул. Лугова,"м. Київ, вул. Лугова, 12",yes,
118944,ШАУРМАМА вул. Лугова,"м.Київ, вул.Лугова, 12",Victoria Gardens,Marta Vaskina,Marta Vaskina,food,active,ready_for_work,6,4,2,0,0,ШАУРМАМА вул. Лугова,"м.Київ, вул.Лугова, 12",yes,
86607,Mister Twister Глушкова,"Київ, пр-т Академіка Глушкова, 13",Магелан,Nataliia Klymas,,food,active,ready_for_work,2,1,1,0,0,Mister Twister Глушкова,"Київ, пр-т Академіка Глушкова, 13",no,"Знайдено в Databricks за адресою/назвою ТРЦ, відсутній в исходній таблиці"
80450,Pesto Cafe Глушкова,"Київ, пр-т Академіка Глушкова, 13",Магелан,Nataliia Klymas,,food,active,ready_for_work,21,17,4,0,2,Pesto Cafe Глушкова,"Київ, пр-т Академіка Глушкова, 13",no,"Знайдено в Databricks за адресою/назвою ТРЦ, відсутній в исходній таблиці"
12312,KFC Магелан,"м.Київ, проспект Академіка Глушкова, 13Б",Магелан,Khrystyna Bukhnii,Khrystyna Bukhnii,food,active,ready_for_work,231,212,19,0,11,KFC Магелан,"м.Київ, проспект Академіка Глушкова, 13Б",yes,
952742,Mission2 Шаурма Го!,проспект Академіка Глушкова 13Б 03187 Kyiv Ukraine,Магелан,Marta Vaskina,Marta Vaskina,food,active,ready_for_work,5,5,0,0,0,Mission2 Шаурма Го!,проспект Академіка Глушкова 13Б 03187 Kyiv Ukraine,yes,
1132604,Mission2 Шаурмічна,проспект Академіка Глушкова 13Б 03187 Kyiv Ukraine,Магелан,Marta Vaskina,Marta Vaskina,food,active,ready_for_work,19,10,9,0,4,Mission2 Шаурмічна,проспект Академіка Глушкова 13Б 03187 Kyiv Ukraine,yes,
157688,Pasta&Pizza Глушкова,проспект Академіка Глушкова 13Б 02000 Kyiv Ukraine,Магелан,Nataliia Klymas,Nataliia Klymas,food,active,ready_for_work,2,1,1,0,0,Pasta&Pizza Глушкова,проспект Академіка Глушкова 13Б 02000 Kyiv Ukraine,yes,
12863,KFC Чернігівська,"м.Київ, вул. Гната Хоткевича, 1А.",Проспект,Khrystyna Bukhnii,,food,active,ready_for_work,489,469,20,0,8,KFC Чернігівська,"м.Київ, вул. Гната Хоткевича, 1А.",no,"Знайдено в Databricks за адресою/назвою ТРЦ, відсутній в исходній таблиці"
177065,Greek House ТРК Проспект,вулиця Гната Хоткевича 1В 02000 Kyiv Ukraine,Проспект,Nataliia Klymas,Nataliia Klymas,food,active,ready_for_work,90,85,5,0,0,Greek House ТРК Проспект,вулиця Гната Хоткевича 1В 02000 Kyiv Ukraine,yes,
100361,Gremio Grill ТРЦ Проспект,"Київ, вул. Гната Хоткевича,1-В",Проспект,Marta Vaskina,Marta Vaskina,food,active,ready_for_work,9,5,4,1,2,Gremio Grill ТРЦ Проспект,"Київ, вул. Гната Хоткевича,1-В",yes,
65338,McDonald's ТРК Проспект,"Проспект, м. Київ, вул. Хоткевича Гната, 1В, 02094",Проспект,Ganna Rudaia,Ganna Rudaia,food,active,ready_for_work,180,170,10,0,5,McDonald's ТРК Проспект,"Проспект, м. Київ, вул. Хоткевича Гната, 1В, 02094",yes,
173040,Salateira Гната Хоткевича,вулиця Гната Хоткевича 1В 02000 Kyiv Ukraine,Проспект,Nataliia Klymas,Nataliia Klymas,food,active,ready_for_work,11,11,0,0,0,Salateira Гната Хоткевича,вулиця Гната Хоткевича 1В 02000 Kyiv Ukraine,yes,
86731,Акція Бургер Хоткевича,"Київ, Вул. Гната Хоткевича 1в",Проспект,Nataliia Klymas,Nataliia Klymas,food,active,ready_for_work,11,11,0,0,0,Акція Бургер Хоткевича,"Київ, Вул. Гната Хоткевича 1в",yes,
162180,Файні Льоди вул. Гната Хоткевича,вулиця Гната Хоткевича 1В 02000 Kyiv Ukraine,Проспект,Stefaniia Oznobishyna,Stefaniia Oznobishyna,food,active,ready_for_work,0,0,0,0,0,Файні Льоди вул. Гната Хоткевича,вулиця Гната Хоткевича 1В 02000 Kyiv Ukraine,yes,
68042,Юджин Бургер Хоткевича,"Київ, Вул. Гната Хоткевича 1в",Проспект,Nataliia Klymas,Nataliia Klymas,food,active,ready_for_work,22,21,1,0,0,Юджин Бургер Хоткевича,"Київ, Вул. Гната Хоткевича 1в",yes,
105504,Lviv Croissants ТРЦ Район,"Київ, вул. Миколи Лаврухіна, 4",РайON,Khrystyna Bukhnii,Khrystyna Bukhnii,food,active,ready_for_work,9,7,2,0,0,Lviv Croissants ТРЦ Район,"Київ, вул. Миколи Лаврухіна, 4",yes,
65267,McDonald's Район,"Район, м. Київ, вул. Лаврухина, 4, 02034",РайON,Ganna Rudaia,Ganna Rudaia,food,active,ready_for_work,381,351,30,0,5,McDonald's Район,"Район, м. Київ, вул. Лаврухина, 4, 02034",yes,
115057,Жуїстика Сільпо на Лаврухіна,"Київ, вул. Лаврухіна, 4",РайON,Marta Vaskina,Marta Vaskina,food,active,ready_for_work,3,2,1,0,0,Жуїстика Сільпо на Лаврухіна,"Київ, вул. Лаврухіна, 4",yes,
41135,Milk Bar TSUM,"Київ, вул. Хрещатик 38",ЦУМ Київ,Nataliia Klymas,Nataliia Klymas,food,active,ready_for_work,29,26,3,0,2,Milk Bar TSUM,"Київ, вул. Хрещатик 38",yes,
